timestamp,event_id,computer,channel,record_id,user,domain,service,service_sid,src_ip,src_port,status,ticket_options,ticket_enc_type,logon_guid,transmitted_services
2024-02-29 05:22:36.411281500+00:00,4769,ar-win-dc.attackrange.local,Security,1328720,AR-WIN-DC$@ATTACKRANGE.LOCAL,ATTACKRANGE.LOCAL,krbtgt,ATTACKRANGE\krbtgt,::1,0,0x0,0x60810010,0x17,{E3A9E4FC-5296-8E21-DA2B-A09BD7FBAA72},-
2024-02-29 05:22:45.114780+00:00,4769,ar-win-dc.attackrange.local,Security,1482055,AR-WIN-DC$@ATTACKRANGE.LOCAL,ATTACKRANGE.LOCAL,krbtgt,ATTACKRANGE\krbtgt,::1,0,0x0,0x60810010,0x17,{201968CB-D00F-9B60-8F5F-1B81281339C7},-
2024-02-29 05:23:56.911963600+00:00,4769,ar-win-dc.attackrange.local,Security,1482561,AR-WIN-2$@ATTACKRANGE.LOCAL,ATTACKRANGE.LOCAL,krbtgt,ATTACKRANGE\krbtgt,::ffff:10.0.1.15,49741,0x0,0x60810010,0x17,{0C79698F-DAB3-7902-8C37-257328522909},-
2024-02-29 05:23:58.356720200+00:00,4769,ar-win-dc.attackrange.local,Security,1482580,AR-WIN-2$@ATTACKRANGE.LOCAL,ATTACKRANGE.LOCAL,krbtgt,ATTACKRANGE\krbtgt,::ffff:10.0.1.15,49749,0x0,0x60810010,0x17,{F61517C9-1F1F-018B-6207-2B4BB0B917FA},-
2024-02-29 14:52:58.473931900+00:00,4769,ar-win-dc.attackrange.local,Security,1516935,AR-WIN-DC$@ATTACKRANGE.LOCAL,ATTACKRANGE.LOCAL,krbtgt,ATTACKRANGE\krbtgt,::1,0,0x0,0x60810010,0x17,{B8D68B32-BB38-6DBA-CF14-FAD69D25F5E1},-
2024-02-29 14:53:58.685792500+00:00,4769,ar-win-dc.attackrange.local,Security,1517009,AR-WIN-2$@ATTACKRANGE.LOCAL,ATTACKRANGE.LOCAL,krbtgt,ATTACKRANGE\krbtgt,::ffff:10.0.1.15,51983,0x0,0x60810010,0x17,{2B22F62A-FFC5-F447-8F05-4C16D0B1616A},-
2024-02-29 15:21:59.848710500+00:00,4769,ar-win-dc.attackrange.local,Security,1518451,AR-WIN-DC$@ATTACKRANGE.LOCAL,ATTACKRANGE.LOCAL,krbtgt,ATTACKRANGE\krbtgt,::1,0,0x0,0x60810010,0x17,{306C1307-3FA8-D3D5-E4D6-406164F6FC7A},-
2024-02-29 16:18:04.670020900+00:00,4769,ar-win-dc.attackrange.local,Security,1521593,AR-WIN-2$@ATTACKRANGE.LOCAL,ATTACKRANGE.LOCAL,krbtgt,ATTACKRANGE\krbtgt,::ffff:10.0.1.15,52319,0x0,0x60810010,0x17,{6699C2CD-AB25-3B90-D7E7-34757AE6537D},-
2024-03-01 00:23:12.866171700+00:00,4769,ar-win-dc.attackrange.local,Security,1548352,AR-WIN-DC$@ATTACKRANGE.LOCAL,ATTACKRANGE.LOCAL,krbtgt,ATTACKRANGE\krbtgt,::1,0,0x0,0x60810010,0x17,{2A84C988-4478-0481-9592-A82230EF38E4},-
2024-03-01 00:23:59.655900+00:00,4769,ar-win-dc.attackrange.local,Security,1548406,AR-WIN-2$@ATTACKRANGE.LOCAL,ATTACKRANGE.LOCAL,krbtgt,ATTACKRANGE\krbtgt,::ffff:10.0.1.15,54172,0x0,0x60810010,0x17,{A77E3801-AEEE-E394-AA8E-3A7C55D20F28},-
2024-03-01 00:43:09.320644800+00:00,4769,ar-win-dc.attackrange.local,Security,1549604,AR-WIN-2$@ATTACKRANGE.LOCAL,ATTACKRANGE.LOCAL,krbtgt,ATTACKRANGE\krbtgt,::ffff:10.0.1.15,54255,0x0,0x60810010,0x17,{17A6E152-5216-0277-69F5-D7B39334C944},-
2024-03-01 00:51:59.187758700+00:00,4769,ar-win-dc.attackrange.local,Security,1550069,AR-WIN-DC$@ATTACKRANGE.LOCAL,ATTACKRANGE.LOCAL,krbtgt,ATTACKRANGE\krbtgt,::1,0,0x0,0x60810010,0x17,{F36EF527-1934-F6B1-4E5F-80DDEE3E566F},-
2024-03-01 09:53:26.699158900+00:00,4769,ar-win-dc.attackrange.local,Security,1579724,AR-WIN-DC$@ATTACKRANGE.LOCAL,ATTACKRANGE.LOCAL,krbtgt,ATTACKRANGE\krbtgt,::1,0,0x0,0x60810010,0x17,{65D5E04C-FE63-C773-983C-0B1B64D30CE3},-
2024-03-01 09:54:00.665949800+00:00,4769,ar-win-dc.attackrange.local,Security,1579771,AR-WIN-2$@ATTACKRANGE.LOCAL,ATTACKRANGE.LOCAL,krbtgt,ATTACKRANGE\krbtgt,::ffff:10.0.1.15,56382,0x0,0x60810010,0x17,{F6C80BDF-7C79-EF8F-E9BC-2411FE6758D5},-
2024-03-01 10:21:59.411643700+00:00,4769,ar-win-dc.attackrange.local,Security,1581170,AR-WIN-DC$@ATTACKRANGE.LOCAL,ATTACKRANGE.LOCAL,krbtgt,ATTACKRANGE\krbtgt,::1,0,0x0,0x60810010,0x17,{1421610C-16A0-B881-E1A4-D8377A489156},-
2024-03-01 10:59:14.613210300+00:00,4769,ar-win-dc.attackrange.local,Security,1583360,AR-WIN-2$@ATTACKRANGE.LOCAL,ATTACKRANGE.LOCAL,krbtgt,ATTACKRANGE\krbtgt,::ffff:10.0.1.15,56641,0x0,0x60810010,0x17,{4CF6C99B-F9C0-151C-42AC-956E9AFDB473},-
2024-03-01 19:23:41.445072200+00:00,4769,ar-win-dc.attackrange.local,Security,1610849,AR-WIN-DC$@ATTACKRANGE.LOCAL,ATTACKRANGE.LOCAL,krbtgt,ATTACKRANGE\krbtgt,::1,0,0x0,0x60810010,0x17,{6A71B965-68AC-F2D8-F721-FAF8AD4EA303},-
2024-03-01 19:24:01.609724400+00:00,4769,ar-win-dc.attackrange.local,Security,1610891,AR-WIN-2$@ATTACKRANGE.LOCAL,ATTACKRANGE.LOCAL,krbtgt,ATTACKRANGE\krbtgt,::ffff:10.0.1.15,58554,0x0,0x60810010,0x17,{B9CCC24E-88AE-395B-FAD2-0D725D3B422B},-
2024-03-01 19:51:59.662477800+00:00,4769,ar-win-dc.attackrange.local,Security,1612503,AR-WIN-DC$@ATTACKRANGE.LOCAL,ATTACKRANGE.LOCAL,krbtgt,ATTACKRANGE\krbtgt,::1,0,0x0,0x60810010,0x17,{FFEFAF07-E109-D986-4CA5-E31C7245F470},-
2024-03-01 21:03:20.080295500+00:00,4769,ar-win-dc.attackrange.local,Security,1616453,AR-WIN-2$@ATTACKRANGE.LOCAL,ATTACKRANGE.LOCAL,krbtgt,ATTACKRANGE\krbtgt,::ffff:10.0.1.15,58957,0x0,0x60810010,0x17,{891BD63F-A86D-9057-76FC-93E88B050F63},-
2024-03-02 04:53:55.435300200+00:00,4769,ar-win-dc.attackrange.local,Security,1642294,AR-WIN-DC$@ATTACKRANGE.LOCAL,ATTACKRANGE.LOCAL,krbtgt,ATTACKRANGE\krbtgt,::1,0,0x0,0x60810010,0x17,{45DFE855-1320-0E95-705C-A5D09C4CE46D},-
2024-03-02 04:54:02.800086700+00:00,4769,ar-win-dc.attackrange.local,Security,1642325,AR-WIN-2$@ATTACKRANGE.LOCAL,ATTACKRANGE.LOCAL,krbtgt,ATTACKRANGE\krbtgt,::ffff:10.0.1.15,60742,0x0,0x60810010,0x17,{969C5FBE-45CF-DBEE-39B0-9802D3643C1A},-
2024-03-02 05:21:59.894941700+00:00,4769,ar-win-dc.attackrange.local,Security,1643642,AR-WIN-DC$@ATTACKRANGE.LOCAL,ATTACKRANGE.LOCAL,krbtgt,ATTACKRANGE\krbtgt,::1,0,0x0,0x60810010,0x17,{BA7C4507-6ECE-E88F-1AC2-35ACFE53A91E},-
2024-03-02 06:07:24.465828100+00:00,4769,ar-win-dc.attackrange.local,Security,1646303,AR-WIN-2$@ATTACKRANGE.LOCAL,ATTACKRANGE.LOCAL,krbtgt,ATTACKRANGE\krbtgt,::ffff:10.0.1.15,61025,0x0,0x60810010,0x17,{87826442-C0D2-8F41-B593-0622F6A84CB9},-
2024-03-02 14:24:03.806399100+00:00,4769,ar-win-dc.attackrange.local,Security,1673571,AR-WIN-2$@ATTACKRANGE.LOCAL,ATTACKRANGE.LOCAL,krbtgt,ATTACKRANGE\krbtgt,::ffff:10.0.1.15,62921,0x0,0x60810010,0x17,{302BD3C4-449D-B052-C582-6FE940798D70},-
2024-03-02 14:24:09.680990+00:00,4769,ar-win-dc.attackrange.local,Security,1673591,AR-WIN-DC$@ATTACKRANGE.LOCAL,ATTACKRANGE.LOCAL,krbtgt,ATTACKRANGE\krbtgt,::1,0,0x0,0x60810010,0x17,{0B8B22A7-C671-5085-1059-C41B1F92D447},-
2024-03-02 14:24:09.680990+00:00,4769,ar-win-dc.attackrange.local,Security,1673591,AR-WIN-DC$@ATTACKRANGE.LOCAL,ATTACKRANGE.LOCAL,krbtgt,ATTACKRANGE\krbtgt,::1,0,0x0,0x60810010,0x17,{0B8B22A7-C671-5085-1059-C41B1F92D447},-
2024-03-02 14:24:09.680990+00:00,4769,ar-win-dc.attackrange.local,Security,1673591,AR-WIN-DC$@ATTACKRANGE.LOCAL,ATTACKRANGE.LOCAL,krbtgt,ATTACKRANGE\krbtgt,::1,0,0x0,0x60810010,0x17,{0B8B22A7-C671-5085-1059-C41B1F92D447},-
2024-03-02 14:24:09.680990+00:00,4769,ar-win-dc.attackrange.local,Security,1673591,AR-WIN-DC$@ATTACKRANGE.LOCAL,ATTACKRANGE.LOCAL,krbtgt,ATTACKRANGE\krbtgt,::1,0,0x0,0x60810010,0x17,{0B8B22A7-C671-5085-1059-C41B1F92D447},-
2024-03-02 14:24:09.680990+00:00,4769,ar-win-dc.attackrange.local,Security,1673591,AR-WIN-DC$@ATTACKRANGE.LOCAL,ATTACKRANGE.LOCAL,krbtgt,ATTACKRANGE\krbtgt,::1,0,0x0,0x60810010,0x17,{0B8B22A7-C671-5085-1059-C41B1F92D447},-
2024-03-02 14:51:59.126215400+00:00,4769,ar-win-dc.attackrange.local,Security,1675206,AR-WIN-DC$@ATTACKRANGE.LOCAL,ATTACKRANGE.LOCAL,krbtgt,ATTACKRANGE\krbtgt,::1,0,0x0,0x60810010,0x17,{75D8DAEA-51A7-D177-D28B-0007D004260E},-
2024-03-02 14:51:59.126215400+00:00,4769,ar-win-dc.attackrange.local,Security,1675206,AR-WIN-DC$@ATTACKRANGE.LOCAL,ATTACKRANGE.LOCAL,krbtgt,ATTACKRANGE\krbtgt,::1,0,0x0,0x60810010,0x17,{75D8DAEA-51A7-D177-D28B-0007D004260E},-
2024-03-02 14:51:59.126215400+00:00,4769,ar-win-dc.attackrange.local,Security,1675206,AR-WIN-DC$@ATTACKRANGE.LOCAL,ATTACKRANGE.LOCAL,krbtgt,ATTACKRANGE\krbtgt,::1,0,0x0,0x60810010,0x17,{75D8DAEA-51A7-D177-D28B-0007D004260E},-
2024-03-02 14:51:59.126215400+00:00,4769,ar-win-dc.attackrange.local,Security,1675206,AR-WIN-DC$@ATTACKRANGE.LOCAL,ATTACKRANGE.LOCAL,krbtgt,ATTACKRANGE\krbtgt,::1,0,0x0,0x60810010,0x17,{75D8DAEA-51A7-D177-D28B-0007D004260E},-
2024-03-02 14:51:59.126215400+00:00,4769,ar-win-dc.attackrange.local,Security,1675206,AR-WIN-DC$@ATTACKRANGE.LOCAL,ATTACKRANGE.LOCAL,krbtgt,ATTACKRANGE\krbtgt,::1,0,0x0,0x60810010,0x17,{75D8DAEA-51A7-D177-D28B-0007D004260E},-
2024-03-02 14:51:59.126215400+00:00,4769,ar-win-dc.attackrange.local,Security,1675206,AR-WIN-DC$@ATTACKRANGE.LOCAL,ATTACKRANGE.LOCAL,krbtgt,ATTACKRANGE\krbtgt,::1,0,0x0,0x60810010,0x17,{75D8DAEA-51A7-D177-D28B-0007D004260E},-
2024-03-02 14:51:59.126215400+00:00,4769,ar-win-dc.attackrange.local,Security,1675206,AR-WIN-DC$@ATTACKRANGE.LOCAL,ATTACKRANGE.LOCAL,krbtgt,ATTACKRANGE\krbtgt,::1,0,0x0,0x60810010,0x17,{75D8DAEA-51A7-D177-D28B-0007D004260E},-
2024-03-02 14:51:59.126215400+00:00,4769,ar-win-dc.attackrange.local,Security,1675206,AR-WIN-DC$@ATTACKRANGE.LOCAL,ATTACKRANGE.LOCAL,krbtgt,ATTACKRANGE\krbtgt,::1,0,0x0,0x60810010,0x17,{75D8DAEA-51A7-D177-D28B-0007D004260E},-
2024-03-02 14:51:59.126215400+00:00,4769,ar-win-dc.attackrange.local,Security,1675206,AR-WIN-DC$@ATTACKRANGE.LOCAL,ATTACKRANGE.LOCAL,krbtgt,ATTACKRANGE\krbtgt,::1,0,0x0,0x60810010,0x17,{75D8DAEA-51A7-D177-D28B-0007D004260E},-
2024-03-02 14:51:59.126215400+00:00,4769,ar-win-dc.attackrange.local,Security,1675206,AR-WIN-DC$@ATTACKRANGE.LOCAL,ATTACKRANGE.LOCAL,krbtgt,ATTACKRANGE\krbtgt,::1,0,0x0,0x60810010,0x17,{75D8DAEA-51A7-D177-D28B-0007D004260E},-
2024-03-02 14:51:59.126215400+00:00,4769,ar-win-dc.attackrange.local,Security,1675206,AR-WIN-DC$@ATTACKRANGE.LOCAL,ATTACKRANGE.LOCAL,krbtgt,ATTACKRANGE\krbtgt,::1,0,0x0,0x60810010,0x17,{75D8DAEA-51A7-D177-D28B-0007D004260E},-
2024-03-02 14:51:59.126215400+00:00,4769,ar-win-dc.attackrange.local,Security,1675206,AR-WIN-DC$@ATTACKRANGE.LOCAL,ATTACKRANGE.LOCAL,krbtgt,ATTACKRANGE\krbtgt,::1,0,0x0,0x60810010,0x17,{75D8DAEA-51A7-D177-D28B-0007D004260E},-
2024-03-02 14:51:59.126215400+00:00,4769,ar-win-dc.attackrange.local,Security,1675206,AR-WIN-DC$@ATTACKRANGE.LOCAL,ATTACKRANGE.LOCAL,krbtgt,ATTACKRANGE\krbtgt,::1,0,0x0,0x60810010,0x17,{75D8DAEA-51A7-D177-D28B-0007D004260E},-
2024-03-02 14:51:59.126215400+00:00,4769,ar-win-dc.attackrange.local,Security,1675206,AR-WIN-DC$@ATTACKRANGE.LOCAL,ATTACKRANGE.LOCAL,krbtgt,ATTACKRANGE\krbtgt,::1,0,0x0,0x60810010,0x17,{75D8DAEA-51A7-D177-D28B-0007D004260E},-
2024-03-02 14:51:59.126215400+00:00,4769,ar-win-dc.attackrange.local,Security,1675206,AR-WIN-DC$@ATTACKRANGE.LOCAL,ATTACKRANGE.LOCAL,krbtgt,ATTACKRANGE\krbtgt,::1,0,0x0,0x60810010,0x17,{75D8DAEA-51A7-D177-D28B-0007D004260E},-
2024-03-02 14:51:59.126215400+00:00,4769,ar-win-dc.attackrange.local,Security,1675206,AR-WIN-DC$@ATTACKRANGE.LOCAL,ATTACKRANGE.LOCAL,krbtgt,ATTACKRANGE\krbtgt,::1,0,0x0,0x60810010,0x17,{75D8DAEA-51A7-D177-D28B-0007D004260E},-
2024-03-02 14:51:59.126215400+00:00,4769,ar-win-dc.attackrange.local,Security,1675206,AR-WIN-DC$@ATTACKRANGE.LOCAL,ATTACKRANGE.LOCAL,krbtgt,ATTACKRANGE\krbtgt,::1,0,0x0,0x60810010,0x17,{75D8DAEA-51A7-D177-D28B-0007D004260E},-
2024-03-02 14:51:59.126215400+00:00,4769,ar-win-dc.attackrange.local,Security,1675206,AR-WIN-DC$@ATTACKRANGE.LOCAL,ATTACKRANGE.LOCAL,krbtgt,ATTACKRANGE\krbtgt,::1,0,0x0,0x60810010,0x17,{75D8DAEA-51A7-D177-D28B-0007D004260E},-
2024-03-02 14:51:59.126215400+00:00,4769,ar-win-dc.attackrange.local,Security,1675206,AR-WIN-DC$@ATTACKRANGE.LOCAL,ATTACKRANGE.LOCAL,krbtgt,ATTACKRANGE\krbtgt,::1,0,0x0,0x60810010,0x17,{75D8DAEA-51A7-D177-D28B-0007D004260E},-
2024-03-02 14:51:59.126215400+00:00,4769,ar-win-dc.attackrange.local,Security,1675206,AR-WIN-DC$@ATTACKRANGE.LOCAL,ATTACKRANGE.LOCAL,krbtgt,ATTACKRANGE\krbtgt,::1,0,0x0,0x60810010,0x17,{75D8DAEA-51A7-D177-D28B-0007D004260E},-
2024-03-02 14:51:59.126215400+00:00,4769,ar-win-dc.attackrange.local,Security,1675206,AR-WIN-DC$@ATTACKRANGE.LOCAL,ATTACKRANGE.LOCAL,krbtgt,ATTACKRANGE\krbtgt,::1,0,0x0,0x60810010,0x17,{75D8DAEA-51A7-D177-D28B-0007D004260E},-
2024-03-02 14:51:59.126215400+00:00,4769,ar-win-dc.attackrange.local,Security,1675206,AR-WIN-DC$@ATTACKRANGE.LOCAL,ATTACKRANGE.LOCAL,krbtgt,ATTACKRANGE\krbtgt,::1,0,0x0,0x60810010,0x17,{75D8DAEA-51A7-D177-D28B-0007D004260E},-
2024-03-02 14:51:59.126215400+00:00,4769,ar-win-dc.attackrange.local,Security,1675206,AR-WIN-DC$@ATTACKRANGE.LOCAL,ATTACKRANGE.LOCAL,krbtgt,ATTACKRANGE\krbtgt,::1,0,0x0,0x60810010,0x17,{75D8DAEA-51A7-D177-D28B-0007D004260E},-
2024-03-02 16:58:30.027037300+00:00,4769,ar-win-dc.attackrange.local,Security,1682190,AR-WIN-2$@ATTACKRANGE.LOCAL,ATTACKRANGE.LOCAL,krbtgt,ATTACKRANGE\krbtgt,::ffff:10.0.1.15,63492,0x0,0x60810010,0x17,{7F4F3291-67EE-B0DD-573D-5F4D6F611AD4},-
2024-03-02 16:58:30.027037300+00:00,4769,ar-win-dc.attackrange.local,Security,1682190,AR-WIN-2$@ATTACKRANGE.LOCAL,ATTACKRANGE.LOCAL,krbtgt,ATTACKRANGE\krbtgt,::ffff:10.0.1.15,63492,0x0,0x60810010,0x17,{7F4F3291-67EE-B0DD-573D-5F4D6F611AD4},-
2024-03-02 16:58:30.027037300+00:00,4769,ar-win-dc.attackrange.local,Security,1682190,AR-WIN-2$@ATTACKRANGE.LOCAL,ATTACKRANGE.LOCAL,krbtgt,ATTACKRANGE\krbtgt,::ffff:10.0.1.15,63492,0x0,0x60810010,0x17,{7F4F3291-67EE-B0DD-573D-5F4D6F611AD4},-
2024-03-02 16:58:30.027037300+00:00,4769,ar-win-dc.attackrange.local,Security,1682190,AR-WIN-2$@ATTACKRANGE.LOCAL,ATTACKRANGE.LOCAL,krbtgt,ATTACKRANGE\krbtgt,::ffff:10.0.1.15,63492,0x0,0x60810010,0x17,{7F4F3291-67EE-B0DD-573D-5F4D6F611AD4},-
2024-03-02 16:58:30.027037300+00:00,4769,ar-win-dc.attackrange.local,Security,1682190,AR-WIN-2$@ATTACKRANGE.LOCAL,ATTACKRANGE.LOCAL,krbtgt,ATTACKRANGE\krbtgt,::ffff:10.0.1.15,63492,0x0,0x60810010,0x17,{7F4F3291-67EE-B0DD-573D-5F4D6F611AD4},-
2024-03-02 23:54:04.817604600+00:00,4769,ar-win-dc.attackrange.local,Security,1704600,AR-WIN-2$@ATTACKRANGE.LOCAL,ATTACKRANGE.LOCAL,krbtgt,ATTACKRANGE\krbtgt,::ffff:10.0.1.15,65063,0x0,0x60810010,0x17,{982B77A8-76B7-4345-3F05-3D352A4C4FE4},-
2024-03-02 23:54:04.817604600+00:00,4769,ar-win-dc.attackrange.local,Security,1704600,AR-WIN-2$@ATTACKRANGE.LOCAL,ATTACKRANGE.LOCAL,krbtgt,ATTACKRANGE\krbtgt,::ffff:10.0.1.15,65063,0x0,0x60810010,0x17,{982B77A8-76B7-4345-3F05-3D352A4C4FE4},-
2024-03-02 23:54:04.817604600+00:00,4769,ar-win-dc.attackrange.local,Security,1704600,AR-WIN-2$@ATTACKRANGE.LOCAL,ATTACKRANGE.LOCAL,krbtgt,ATTACKRANGE\krbtgt,::ffff:10.0.1.15,65063,0x0,0x60810010,0x17,{982B77A8-76B7-4345-3F05-3D352A4C4FE4},-
2024-03-02 23:54:04.817604600+00:00,4769,ar-win-dc.attackrange.local,Security,1704600,AR-WIN-2$@ATTACKRANGE.LOCAL,ATTACKRANGE.LOCAL,krbtgt,ATTACKRANGE\krbtgt,::ffff:10.0.1.15,65063,0x0,0x60810010,0x17,{982B77A8-76B7-4345-3F05-3D352A4C4FE4},-
2024-03-02 23:54:04.817604600+00:00,4769,ar-win-dc.attackrange.local,Security,1704600,AR-WIN-2$@ATTACKRANGE.LOCAL,ATTACKRANGE.LOCAL,krbtgt,ATTACKRANGE\krbtgt,::ffff:10.0.1.15,65063,0x0,0x60810010,0x17,{982B77A8-76B7-4345-3F05-3D352A4C4FE4},-
2024-03-02 23:54:04.817604600+00:00,4769,ar-win-dc.attackrange.local,Security,1704600,AR-WIN-2$@ATTACKRANGE.LOCAL,ATTACKRANGE.LOCAL,krbtgt,ATTACKRANGE\krbtgt,::ffff:10.0.1.15,65063,0x0,0x60810010,0x17,{982B77A8-76B7-4345-3F05-3D352A4C4FE4},-
2024-03-02 23:54:04.817604600+00:00,4769,ar-win-dc.attackrange.local,Security,1704600,AR-WIN-2$@ATTACKRANGE.LOCAL,ATTACKRANGE.LOCAL,krbtgt,ATTACKRANGE\krbtgt,::ffff:10.0.1.15,65063,0x0,0x60810010,0x17,{982B77A8-76B7-4345-3F05-3D352A4C4FE4},-
2024-03-02 23:54:04.817604600+00:00,4769,ar-win-dc.attackrange.local,Security,1704600,AR-WIN-2$@ATTACKRANGE.LOCAL,ATTACKRANGE.LOCAL,krbtgt,ATTACKRANGE\krbtgt,::ffff:10.0.1.15,65063,0x0,0x60810010,0x17,{982B77A8-76B7-4345-3F05-3D352A4C4FE4},-
2024-03-02 23:54:04.817604600+00:00,4769,ar-win-dc.attackrange.local,Security,1704600,AR-WIN-2$@ATTACKRANGE.LOCAL,ATTACKRANGE.LOCAL,krbtgt,ATTACKRANGE\krbtgt,::ffff:10.0.1.15,65063,0x0,0x60810010,0x17,{982B77A8-76B7-4345-3F05-3D352A4C4FE4},-
2024-03-02 23:54:04.817604600+00:00,4769,ar-win-dc.attackrange.local,Security,1704600,AR-WIN-2$@ATTACKRANGE.LOCAL,ATTACKRANGE.LOCAL,krbtgt,ATTACKRANGE\krbtgt,::ffff:10.0.1.15,65063,0x0,0x60810010,0x17,{982B77A8-76B7-4345-3F05-3D352A4C4FE4},-
2024-03-02 23:54:04.817604600+00:00,4769,ar-win-dc.attackrange.local,Security,1704600,AR-WIN-2$@ATTACKRANGE.LOCAL,ATTACKRANGE.LOCAL,krbtgt,ATTACKRANGE\krbtgt,::ffff:10.0.1.15,65063,0x0,0x60810010,0x17,{982B77A8-76B7-4345-3F05-3D352A4C4FE4},-
2024-03-02 23:54:04.817604600+00:00,4769,ar-win-dc.attackrange.local,Security,1704600,AR-WIN-2$@ATTACKRANGE.LOCAL,ATTACKRANGE.LOCAL,krbtgt,ATTACKRANGE\krbtgt,::ffff:10.0.1.15,65063,0x0,0x60810010,0x17,{982B77A8-76B7-4345-3F05-3D352A4C4FE4},-
2024-03-02 23:54:04.817604600+00:00,4769,ar-win-dc.attackrange.local,Security,1704600,AR-WIN-2$@ATTACKRANGE.LOCAL,ATTACKRANGE.LOCAL,krbtgt,ATTACKRANGE\krbtgt,::ffff:10.0.1.15,65063,0x0,0x60810010,0x17,{982B77A8-76B7-4345-3F05-3D352A4C4FE4},-
2024-03-02 23:54:04.817604600+00:00,4769,ar-win-dc.attackrange.local,Security,1704600,AR-WIN-2$@ATTACKRANGE.LOCAL,ATTACKRANGE.LOCAL,krbtgt,ATTACKRANGE\krbtgt,::ffff:10.0.1.15,65063,0x0,0x60810010,0x17,{982B77A8-76B7-4345-3F05-3D352A4C4FE4},-
2024-03-02 23:54:04.817604600+00:00,4769,ar-win-dc.attackrange.local,Security,1704600,AR-WIN-2$@ATTACKRANGE.LOCAL,ATTACKRANGE.LOCAL,krbtgt,ATTACKRANGE\krbtgt,::ffff:10.0.1.15,65063,0x0,0x60810010,0x17,{982B77A8-76B7-4345-3F05-3D352A4C4FE4},-
2024-03-02 23:54:04.817604600+00:00,4769,ar-win-dc.attackrange.local,Security,1704600,AR-WIN-2$@ATTACKRANGE.LOCAL,ATTACKRANGE.LOCAL,krbtgt,ATTACKRANGE\krbtgt,::ffff:10.0.1.15,65063,0x0,0x60810010,0x17,{982B77A8-76B7-4345-3F05-3D352A4C4FE4},-
2024-03-02 23:54:04.817604600+00:00,4769,ar-win-dc.attackrange.local,Security,1704600,AR-WIN-2$@ATTACKRANGE.LOCAL,ATTACKRANGE.LOCAL,krbtgt,ATTACKRANGE\krbtgt,::ffff:10.0.1.15,65063,0x0,0x60810010,0x17,{982B77A8-76B7-4345-3F05-3D352A4C4FE4},-
2024-03-02 23:54:04.817604600+00:00,4769,ar-win-dc.attackrange.local,Security,1704600,AR-WIN-2$@ATTACKRANGE.LOCAL,ATTACKRANGE.LOCAL,krbtgt,ATTACKRANGE\krbtgt,::ffff:10.0.1.15,65063,0x0,0x60810010,0x17,{982B77A8-76B7-4345-3F05-3D352A4C4FE4},-
2024-03-02 23:54:04.817604600+00:00,4769,ar-win-dc.attackrange.local,Security,1704600,AR-WIN-2$@ATTACKRANGE.LOCAL,ATTACKRANGE.LOCAL,krbtgt,ATTACKRANGE\krbtgt,::ffff:10.0.1.15,65063,0x0,0x60810010,0x17,{982B77A8-76B7-4345-3F05-3D352A4C4FE4},-
2024-03-02 23:54:04.817604600+00:00,4769,ar-win-dc.attackrange.local,Security,1704600,AR-WIN-2$@ATTACKRANGE.LOCAL,ATTACKRANGE.LOCAL,krbtgt,ATTACKRANGE\krbtgt,::ffff:10.0.1.15,65063,0x0,0x60810010,0x17,{982B77A8-76B7-4345-3F05-3D352A4C4FE4},-
2024-03-02 23:54:04.817604600+00:00,4769,ar-win-dc.attackrange.local,Security,1704600,AR-WIN-2$@ATTACKRANGE.LOCAL,ATTACKRANGE.LOCAL,krbtgt,ATTACKRANGE\krbtgt,::ffff:10.0.1.15,65063,0x0,0x60810010,0x17,{982B77A8-76B7-4345-3F05-3D352A4C4FE4},-
2024-03-02 23:54:04.817604600+00:00,4769,ar-win-dc.attackrange.local,Security,1704600,AR-WIN-2$@ATTACKRANGE.LOCAL,ATTACKRANGE.LOCAL,krbtgt,ATTACKRANGE\krbtgt,::ffff:10.0.1.15,65063,0x0,0x60810010,0x17,{982B77A8-76B7-4345-3F05-3D352A4C4FE4},-
2024-03-02 23:54:04.817604600+00:00,4769,ar-win-dc.attackrange.local,Security,1704600,AR-WIN-2$@ATTACKRANGE.LOCAL,ATTACKRANGE.LOCAL,krbtgt,ATTACKRANGE\krbtgt,::ffff:10.0.1.15,65063,0x0,0x60810010,0x17,{982B77A8-76B7-4345-3F05-3D352A4C4FE4},-
2024-03-02 23:54:04.817604600+00:00,4769,ar-win-dc.attackrange.local,Security,1704600,AR-WIN-2$@ATTACKRANGE.LOCAL,ATTACKRANGE.LOCAL,kr68btgt,ATTACKRANGE\krbtgt,::ffff:10.0.1.15,65063,0x0,0x60810010,0x17,{982B77A8-76B7-4345-3F05-3D352A4C4FE4},-
2024-03-02 23:54:04.817604600+00:00,4769,ar-win-dc.attackrange.local,Security,1704600,AR-WIN-2$@ATTACKRANGE.LOCAL,ATTACKRANGE.LOCAL,kr8btgt,ATTACKRANGE\krbtgt,::ffff:10.0.1.15,65063,0x0,0x60810010,0x17,{982B77A8-76B7-4345-3F05-3D352A4C4FE4},-
2024-03-02 23:54:04.817604600+00:00,4769,ar-win-dc.attackrange.local,Security,1704600,AR-WIN-2$@ATTACKRANGE.LOCAL,ATTACKRANGE.LOCAL,krb8tgt,ATTACKRANGE\krbtgt,::ffff:10.0.1.15,65063,0x0,0x60810010,0x17,{982B77A8-76B7-4345-3F05-3D352A4C4FE4},-
2024-03-02 23:54:04.817604600+00:00,4769,ar-win-dc.attackrange.local,Security,1704600,AR-WIN-2$@ATTACKRANGE.LOCAL,ATTACKRANGE.LOCAL,krb7tgt,ATTACKRANGE\krbtgt,::ffff:10.0.1.15,65063,0x0,0x60810010,0x17,{982B77A8-76B7-4345-3F05-3D352A4C4FE4},-
2024-03-02 23:54:04.817604600+00:00,4769,ar-win-dc.attackrange.local,Security,1704600,AR-WIN-2$@ATTACKRANGE.LOCAL,ATTACKRANGE.LOCAL,krb6tgt,ATTACKRANGE\krbtgt,::ffff:10.0.1.15,65063,0x0,0x60810010,0x17,{982B77A8-76B7-4345-3F05-3D352A4C4FE4},-
2024-03-02 23:54:04.817604600+00:00,4769,ar-win-dc.attackrange.local,Security,1704600,AR-WIN-2$@ATTACKRANGE.LOCAL,ATTACKRANGE.LOCAL,krb5tgt,ATTACKRANGE\krbtgt,::ffff:10.0.1.15,65063,0x0,0x60810010,0x17,{982B77A8-76B7-4345-3F05-3D352A4C4FE4},-
2024-03-02 23:54:04.817604600+00:00,4769,ar-win-dc.attackrange.local,Security,1704600,AR-WIN-2$@ATTACKRANGE.LOCAL,ATTACKRANGE.LOCAL,kr5btgt,ATTACKRANGE\krbtgt,::ffff:10.0.1.15,65063,0x0,0x60810010,0x17,{982B77A8-76B7-4345-3F05-3D352A4C4FE4},-
2024-03-02 23:54:04.817604600+00:00,4769,ar-win-dc.attackrange.local,Security,1704600,AR-WIN-2$@ATTACKRANGE.LOCAL,ATTACKRANGE.LOCAL,krb5tgt,ATTACKRANGE\krbtgt,::ffff:10.0.1.15,65063,0x0,0x60810010,0x17,{982B77A8-76B7-4345-3F05-3D352A4C4FE4},-
2024-03-02 23:54:04.817604600+00:00,4769,ar-win-dc.attackrange.local,Security,1704600,AR-WIN-2$@ATTACKRANGE.LOCAL,ATTACKRANGE.LOCAL,kr1btgt,ATTACKRANGE\krbtgt,::ffff:10.0.1.15,65063,0x0,0x60810010,0x17,{982B77A8-76B7-4345-3F05-3D352A4C4FE4},-
2024-03-02 23:54:04.817604600+00:00,4769,ar-win-dc.attackrange.local,Security,1704600,AR-WIN-2$@ATTACKRANGE.LOCAL,ATTACKRANGE.LOCAL,kr3btgt,ATTACKRANGE\krbtgt,::ffff:10.0.1.15,65063,0x0,0x60810010,0x17,{982B77A8-76B7-4345-3F05-3D352A4C4FE4},-
2024-03-02 23:54:04.817604600+00:00,4769,ar-win-dc.attackrange.local,Security,1704600,AR-WIN-2$@ATTACKRANGE.LOCAL,ATTACKRANGE.LOCAL,k1rbtgt,ATTACKRANGE\krbtgt,::ffff:10.0.1.15,65063,0x0,0x60810010,0x17,{982B77A8-76B7-4345-3F05-3D352A4C4FE4},-
2024-03-02 23:54:04.817604600+00:00,4769,ar-win-dc.attackrange.local,Security,1704600,AR-WIN-2$@ATTACKRANGE.LOCAL,ATTACKRANGE.LOCAL,kr1btgt,ATTACKRANGE\krbtgt,::ffff:10.0.1.15,65063,0x0,0x60810010,0x17,{982B77A8-76B7-4345-3F05-3D352A4C4FE4},-
2024-03-02 23:54:04.817604600+00:00,4769,ar-win-dc.attackrange.local,Security,1704600,AR-WIN-2$@ATTACKRANGE.LOCAL,ATTACKRANGE.LOCAL,krbtgt2,ATTACKRANGE\krbtgt,::ffff:10.0.1.15,65063,0x0,0x60810010,0x17,{982B77A8-76B7-4345-3F05-3D352A4C4FE4},-
2024-03-02 23:54:04.817604600+00:00,4769,ar-win-dc.attackrange.local,Security,1704600,AR-WIN-2$@ATTACKRANGE.LOCAL,ATTACKRANGE.LOCAL,krbtgt,ATTACKRANGE\krbtgt,::ffff:10.0.1.15,65063,0x0,0x60810010,0x17,{982B77A8-76B7-4345-3F05-3D352A4C4FE4},-
2024-03-02 23:54:04.817604600+00:00,4769,ar-win-dc.attackrange.local,Security,1704600,AR-WIN-2$@ATTACKRANGE.LOCAL,ATTACKRANGE.LOCAL,krb5tgt,ATTACKRANGE\krbtgt,::ffff:10.0.1.15,65063,0x0,0x60810010,0x17,{982B77A8-76B7-4345-3F05-3D352A4C4FE4},-
2024-03-02 23:54:04.817604600+00:00,4769,ar-win-dc.attackrange.local,Security,1704600,AR-WIN-2$@ATTACKRANGE.LOCAL,ATTACKRANGE.LOCAL,kr7btgt,ATTACKRANGE\krbtgt,::ffff:10.0.1.15,65063,0x0,0x60810010,0x17,{982B77A8-76B7-4345-3F05-3D352A4C4FE4},-
2024-03-02 23:54:04.817604600+00:00,4769,ar-win-dc.attackrange.local,Security,1704600,AR-WIN-2$@ATTACKRANGE.LOCAL,ATTACKRANGE.LOCAL,krb4tgt,ATTACKRANGE\krbtgt,::ffff:10.0.1.15,65063,0x0,0x60810010,0x17,{982B77A8-76B7-4345-3F05-3D352A4C4FE4},-
2024-03-02 23:54:04.817604600+00:00,4769,ar-win-dc.attackrange.local,Security,1704600,AR-WIN-2$@ATTACKRANGE.LOCAL,ATTACKRANGE.LOCAL,kr8btgt,ATTACKRANGE\krbtgt,::ffff:10.0.1.15,65063,0x0,0x60810010,0x17,{982B77A8-76B7-4345-3F05-3D352A4C4FE4},-
2024-03-02 23:54:04.817604600+00:00,4769,ar-win-dc.attackrange.local,Security,1704600,AR-WIN-2$@ATTACKRANGE.LOCAL,ATTACKRANGE.LOCAL,krbtgt,ATTACKRANGE\krbtgt,::ffff:10.0.1.15,65063,0x0,0x60810010,0x17,{982B77A8-76B7-4345-3F05-3D352A4C4FE4},-
2024-03-02 23:54:04.817604600+00:00,4769,ar-win-dc.attackrange.local,Security,1704600,AR-WIN-2$@ATTACKRANGE.LOCAL,ATTACKRANGE.LOCAL,krbtgt,ATTACKRANGE\krbtgt,::ffff:10.0.1.15,65063,0x0,0x60810010,0x17,{982B77A8-76B7-4345-3F05-3D352A4C4FE4},-
2024-03-02 23:54:04.817604600+00:00,4769,ar-win-dc.attackrange.local,Security,1704600,AR-WIN-2$@ATTACKRANGE.LOCAL,ATTACKRANGE.LOCAL,krbtgt,ATTACKRANGE\krbtgt,::ffff:10.0.1.15,65063,0x0,0x60810010,0x17,{982B77A8-76B7-4345-3F05-3D352A4C4FE4},-
2024-03-02 23:54:04.817604600+00:00,4769,ar-win-dc.attackrange.local,Security,1704600,AR-WIN-2$@ATTACKRANGE.LOCAL,ATTACKRANGE.LOCAL,krbtgt,ATTACKRANGE\krbtgt,::ffff:10.0.1.15,65063,0x0,0x60810010,0x17,{982B77A8-76B7-4345-3F05-3D352A4C4FE4},-
2024-03-02 23:54:04.817604600+00:00,4769,ar-win-dc.attackrange.local,Security,1704600,AR-WIN-2$@ATTACKRANGE.LOCAL,ATTACKRANGE.LOCAL,krbtgt,ATTACKRANGE\krbtgt,::ffff:10.0.1.15,65063,0x0,0x60810010,0x17,{982B77A8-76B7-4345-3F05-3D352A4C4FE4},-
2024-03-02 23:54:04.817604600+00:00,4769,ar-win-dc.attackrange.local,Security,1704600,AR-WIN-2$@ATTACKRANGE.LOCAL,ATTACKRANGE.LOCAL,krbt3gt,ATTACKRANGE\krbtgt,::ffff:10.0.1.15,65063,0x0,0x60810010,0x17,{982B77A8-76B7-4345-3F05-3D352A4C4FE4},-
2024-03-02 23:54:04.817604600+00:00,4769,ar-win-dc.attackrange.local,Security,1704600,AR-WIN-2$@ATTACKRANGE.LOCAL,ATTACKRANGE.LOCAL,krbtgt,ATTACKRANGE\krbtgt,::ffff:10.0.1.15,65063,0x0,0x60810010,0x17,{982B77A8-76B7-4345-3F05-3D352A4C4FE4},-
2024-03-02 23:54:04.817604600+00:00,4769,ar-win-dc.attackrange.local,Security,1704600,AR-WIN-2$@ATTACKRANGE.LOCAL,ATTACKRANGE.LOCAL,krbt3gt,ATTACKRANGE\krbtgt,::ffff:10.0.1.15,65063,0x0,0x60810010,0x17,{982B77A8-76B7-4345-3F05-3D352A4C4FE4},-
2024-03-02 23:54:04.817604600+00:00,4769,ar-win-dc.attackrange.local,Security,1704600,AR-WIN-2$@ATTACKRANGE.LOCAL,ATTACKRANGE.LOCAL,krbt3gt,ATTACKRANGE\krbtgt,::ffff:10.0.1.15,65063,0x0,0x60810010,0x17,{982B77A8-76B7-4345-3F05-3D352A4C4FE4},-
2024-03-02 23:54:04.817604600+00:00,4769,ar-win-dc.attackrange.local,Security,1704600,AR-WIN-2$@ATTACKRANGE.LOCAL,ATTACKRANGE.LOCAL,kr8btgt,ATTACKRANGE\krbtgt,::ffff:10.0.1.15,65063,0x0,0x60810010,0x17,{982B77A8-76B7-4345-3F05-3D352A4C4FE4},-
2024-03-02 23:54:04.817604600+00:00,4769,ar-win-dc.attackrange.local,Security,1704600,AR-WIN-2$@ATTACKRANGE.LOCAL,ATTACKRANGE.LOCAL,kr8btgt,ATTACKRANGE\krbtgt,::ffff:10.0.1.15,65063,0x0,0x60810010,0x17,{982B77A8-76B7-4345-3F05-3D352A4C4FE4},-
2024-03-02 23:54:04.817604600+00:00,4769,ar-win-dc.attackrange.local,Security,1704600,AR-WIN-2$@ATTACKRANGE.LOCAL,ATTACKRANGE.LOCAL,kr5btgt,ATTACKRANGE\krbtgt,::ffff:10.0.1.15,65063,0x0,0x60810010,0x17,{982B77A8-76B7-4345-3F05-3D352A4C4FE4},-
2024-03-02 23:54:04.817604600+00:00,4769,ar-win-dc.attackrange.local,Security,1704600,AR-WIN-2$@ATTACKRANGE.LOCAL,ATTACKRANGE.LOCAL,kr6btgt,ATTACKRANGE\krbtgt,::ffff:10.0.1.15,65063,0x0,0x60810010,0x17,{982B77A8-76B7-4345-3F05-3D352A4C4FE4},-
2024-03-02 23:54:04.817604600+00:00,4769,ar-win-dc.attackrange.local,Security,1704600,AR-WIN-2$@ATTACKRANGE.LOCAL,ATTACKRANGE.LOCAL,krbt2gt,ATTACKRANGE\krbtgt,::ffff:10.0.1.15,65063,0x0,0x60810010,0x17,{982B77A8-76B7-4345-3F05-3D352A4C4FE4},-
2024-03-02 23:54:04.817604600+00:00,4769,ar-win-dc.attackrange.local,Security,1704600,AR-WIN-2$@ATTACKRANGE.LOCAL,ATTACKRANGE.LOCAL,kr8btgt,ATTACKRANGE\krbtgt,::ffff:10.0.1.15,65063,0x0,0x60810010,0x17,{982B77A8-76B7-4345-3F05-3D352A4C4FE4},-
2024-03-02 23:54:04.817604601+00:00,4769,ar-win-dc.attackrange.local,Security,1704600,AR-WIN-2$@ATTACKRANGE.LOCAL,ATTACKRANGE.LOCAL,krbtgt3,ATTACKRANGE\krbtgt,::ffff:10.0.1.15,65063,0x0,0x60810010,0x17,{982B77A8-76B7-4345-3F05-3D352A4C4FE4},-
2024-03-02 23:54:04.817604602+00:00,4769,ar-win-dc.attackrange.local,Security,1704600,AR-WIN-2$@ATTACKRANGE.LOCAL,ATTACKRANGE.LOCAL,krbtgt4,ATTACKRANGE\krbtgt,::ffff:10.0.1.15,65063,0x0,0x60810010,0x17,{982B77A8-76B7-4345-3F05-3D352A4C4FE4},-
2024-03-02 23:54:04.817604603+00:00,4769,ar-win-dc.attackrange.local,Security,1704600,AR-WIN-2$@ATTACKRANGE.LOCAL,ATTACKRANGE.LOCAL,krbtgt3,ATTACKRANGE\krbtgt,::ffff:10.0.1.15,65063,0x0,0x60810010,0x17,{982B77A8-76B7-4345-3F05-3D352A4C4FE4},-
2024-03-02 23:54:04.817604604+00:00,4769,ar-win-dc.attackrange.local,Security,1704600,AR-WIN-2$@ATTACKRANGE.LOCAL,ATTACKRANGE.LOCAL,krbtgt2,ATTACKRANGE\krbtgt,::ffff:10.0.1.15,65063,0x0,0x60810010,0x17,{982B77A8-76B7-4345-3F05-3D352A4C4FE4},-
2024-03-02 23:54:04.817604605+00:00,4769,ar-win-dc.attackrange.local,Security,1704600,AR-WIN-2$@ATTACKRANGE.LOCAL,ATTACKRANGE.LOCAL,krbtgt3,ATTACKRANGE\krbtgt,::ffff:10.0.1.15,65063,0x0,0x60810010,0x17,{982B77A8-76B7-4345-3F05-3D352A4C4FE4},-
2024-03-02 23:54:04.817604606+00:00,4769,ar-win-dc.attackrange.local,Security,1704600,AR-WIN-2$@ATTACKRANGE.LOCAL,ATTACKRANGE.LOCAL,krbtgt2,ATTACKRANGE\krbtgt,::ffff:10.0.1.15,65063,0x0,0x60810010,0x17,{982B77A8-76B7-4345-3F05-3D352A4C4FE4},-
2024-03-02 23:54:04.817604607+00:00,4769,ar-win-dc.attackrange.local,Security,1704600,AR-WIN-2$@ATTACKRANGE.LOCAL,ATTACKRANGE.LOCAL,krbtgt5,ATTACKRANGE\krbtgt,::ffff:10.0.1.15,65063,0x0,0x60810010,0x17,{982B77A8-76B7-4345-3F05-3D352A4C4FE4},-
2024-03-02 23:54:04.817604608+00:00,4769,ar-win-dc.attackrange.local,Security,1704600,AR-WIN-2$@ATTACKRANGE.LOCAL,ATTACKRANGE.LOCAL,krbtg2t,ATTACKRANGE\krbtgt,::ffff:10.0.1.15,65063,0x0,0x60810010,0x17,{982B77A8-76B7-4345-3F05-3D352A4C4FE4},-
2024-03-02 23:54:04.817604609+00:00,4769,ar-win-dc.attackrange.local,Security,1704600,AR-WIN-2$@ATTACKRANGE.LOCAL,ATTACKRANGE.LOCAL,krbt2gt,ATTACKRANGE\krbtgt,::ffff:10.0.1.15,65063,0x0,0x60810010,0x17,{982B77A8-76B7-4345-3F05-3D352A4C4FE4},-
2024-03-02 23:54:04.817604610+00:00,4769,ar-win-dc.attackrange.local,Security,1704600,AR-WIN-2$@ATTACKRANGE.LOCAL,ATTACKRANGE.LOCAL,krbt2gt,ATTACKRANGE\krbtgt,::ffff:10.0.1.15,65063,0x0,0x60810010,0x17,{982B77A8-76B7-4345-3F05-3D352A4C4FE4},-
2024-03-02 23:54:04.817604620+00:00,4769,ar-win-dc.attackrange.local,Security,1704600,AR-WIN-2$@ATTACKRANGE.LOCAL,ATTACKRANGE.LOCAL,krb2tgt,ATTACKRANGE\krbtgt,::ffff:10.0.1.15,65063,0x0,0x60810010,0x17,{982B77A8-76B7-4345-3F05-3D352A4C4FE4},-
2024-03-02 23:54:04.817604630+00:00,4769,ar-win-dc.attackrange.local,Security,1704600,AR-WIN-2$@ATTACKRANGE.LOCAL,ATTACKRANGE.LOCAL,krbt2gt,ATTACKRANGE\krbtgt,::ffff:10.0.1.15,65063,0x0,0x60810010,0x17,{982B77A8-76B7-4345-3F05-3D352A4C4FE4},-
2024-03-02 23:54:04.817604640+00:00,4769,ar-win-dc.attackrange.local,Security,1704600,AR-WIN-2$@ATTACKRANGE.LOCAL,ATTACKRANGE.LOCAL,krbtg2t,ATTACKRANGE\krbtgt,::ffff:10.0.1.15,65063,0x0,0x60810010,0x17,{982B77A8-76B7-4345-3F05-3D352A4C4FE4},-
2024-03-02 23:54:04.817604650+00:00,4769,ar-win-dc.attackrange.local,Security,1704600,AR-WIN-2$@ATTACKRANGE.LOCAL,ATTACKRANGE.LOCAL,krb1tgt,ATTACKRANGE\krbtgt,::ffff:10.0.1.15,65063,0x0,0x60810010,0x17,{982B77A8-76B7-4345-3F05-3D352A4C4FE4},-
2024-03-02 23:54:04.817604660+00:00,4769,ar-win-dc.attackrange.local,Security,1704600,AR-WIN-2$@ATTACKRANGE.LOCAL,ATTACKRANGE.LOCAL,krbt1gt,ATTACKRANGE\krbtgt,::ffff:10.0.1.15,65063,0x0,0x60810010,0x17,{982B77A8-76B7-4345-3F05-3D352A4C4FE4},-
2024-03-02 23:54:04.817604670+00:00,4769,ar-win-dc.attackrange.local,Security,1704600,AR-WIN-2$@ATTACKRANGE.LOCAL,ATTACKRANGE.LOCAL,krb1tgt,ATTACKRANGE\krbtgt,::ffff:10.0.1.15,65063,0x0,0x60810010,0x17,{982B77A8-76B7-4345-3F05-3D352A4C4FE4},-
2024-03-02 23:54:04.817604680+00:00,4769,ar-win-dc.attackrange.local,Security,1704600,AR-WIN-2$@ATTACKRANGE.LOCAL,ATTACKRANGE.LOCAL,kr1btgt,ATTACKRANGE\krbtgt,::ffff:10.0.1.15,65063,0x0,0x60810010,0x17,{982B77A8-76B7-4345-3F05-3D352A4C4FE4},-
2024-03-02 23:54:04.817604690+00:00,4769,ar-win-dc.attackrange.local,Security,1704600,AR-WIN-2$@ATTACKRANGE.LOCAL,ATTACKRANGE.LOCAL,krb2tgt,ATTACKRANGE\krbtgt,::ffff:10.0.1.15,65063,0x0,0x60810010,0x17,{982B77A8-76B7-4345-3F05-3D352A4C4FE4},-
2024-03-02 23:54:04.817604710+00:00,4769,ar-win-dc.attackrange.local,Security,1704600,AR-WIN-2$@ATTACKRANGE.LOCAL,ATTACKRANGE.LOCAL,krbt1gt,ATTACKRANGE\krbtgt,::ffff:10.0.1.15,65063,0x0,0x60810010,0x17,{982B77A8-76B7-4345-3F05-3D352A4C4FE4},-
2024-03-02 23:54:04.817604720+00:00,4769,ar-win-dc.attackrange.local,Security,1704600,AR-WIN-2$@ATTACKRANGE.LOCAL,ATTACKRANGE.LOCAL,kr1btgt,ATTACKRANGE\krbtgt,::ffff:10.0.1.15,65063,0x0,0x60810010,0x17,{982B77A8-76B7-4345-3F05-3D352A4C4FE4},-
2024-03-02 23:54:04.817604730+00:00,4769,ar-win-dc.attackrange.local,Security,1704600,AR-WIN-2$@ATTACKRANGE.LOCAL,ATTACKRANGE.LOCAL,krbtg2t,ATTACKRANGE\krbtgt,::ffff:10.0.1.15,65063,0x0,0x60810010,0x17,{982B77A8-76B7-4345-3F05-3D352A4C4FE4},-
2024-03-02 23:54:04.817604740+00:00,4769,ar-win-dc.attackrange.local,Security,1704600,AR-WIN-2$@ATTACKRANGE.LOCAL,ATTACKRANGE.LOCAL,krb1tgt,ATTACKRANGE\krbtgt,::ffff:10.0.1.15,65063,0x0,0x60810010,0x17,{982B77A8-76B7-4345-3F05-3D352A4C4FE4},-
2024-03-02 23:54:04.817604750+00:00,4769,ar-win-dc.attackrange.local,Security,1704600,AR-WIN-2$@ATTACKRANGE.LOCAL,ATTACKRANGE.LOCAL,kr1btgt,ATTACKRANGE\krbtgt,::ffff:10.0.1.15,65063,0x0,0x60810010,0x17,{982B77A8-76B7-4345-3F05-3D352A4C4FE4},-
2024-03-02 23:54:04.817604760+00:00,4769,ar-win-dc.attackrange.local,Security,1704600,AR-WIN-2$@ATTACKRANGE.LOCAL,ATTACKRANGE.LOCAL,kr1btgt,ATTACKRANGE\krbtgt,::ffff:10.0.1.15,65063,0x0,0x60810010,0x17,{982B77A8-76B7-4345-3F05-3D352A4C4FE4},-
2024-03-02 23:54:04.817604770+00:00,4769,ar-win-dc.attackrange.local,Security,1704600,AR-WIN-2$@ATTACKRANGE.LOCAL,ATTACKRANGE.LOCAL,krbtgt,ATTACKRANGE\krbtgt,::ffff:10.0.1.15,65063,0x0,0x60810010,0x17,{982B77A8-76B7-4345-3F05-3D352A4C4FE4},-
2024-03-02 23:54:04.817604780+00:00,4769,ar-win-dc.attackrange.local,Security,1704600,AR-WIN-2$@ATTACKRANGE.LOCAL,ATTACKRANGE.LOCAL,krbtgt1,ATTACKRANGE\krbtgt,::ffff:10.0.1.15,65063,0x0,0x60810010,0x17,{982B77A8-76B7-4345-3F05-3D352A4C4FE4},-
2024-03-02 23:54:04.817604790+00:00,4769,ar-win-dc.attackrange.local,Security,1704600,AR-WIN-2$@ATTACKRANGE.LOCAL,ATTACKRANGE.LOCAL,krbtgt,ATTACKRANGE\krbtgt,::ffff:10.0.1.15,65063,0x0,0x60810010,0x17,{982B77A8-76B7-4345-3F05-3D352A4C4FE4},-
2024-03-02 23:54:04.817604800+00:00,4769,ar-win-dc.attackrange.local,Security,1704600,AR-WIN-2$@ATTACKRANGE.LOCAL,ATTACKRANGE.LOCAL,krbt1gt,ATTACKRANGE\krbtgt,::ffff:10.0.1.15,65063,0x0,0x60810010,0x17,{982B77A8-76B7-4345-3F05-3D352A4C4FE4},-
2024-03-02 23:54:04.817604810+00:00,4769,ar-win-dc.attackrange.local,Security,1704600,AR-WIN-2$@ATTACKRANGE.LOCAL,ATTACKRANGE.LOCAL,kr1btgt,ATTACKRANGE\krbtgt,::ffff:10.0.1.15,65063,0x0,0x60810010,0x17,{982B77A8-76B7-4345-3F05-3D352A4C4FE4},-
2024-03-02 23:54:04.817604820+00:00,4769,ar-win-dc.attackrange.local,Security,1704600,AR-WIN-2$@ATTACKRANGE.LOCAL,ATTACKRANGE.LOCAL,krbtgt,ATTACKRANGE\krbtgt,::ffff:10.0.1.15,65063,0x0,0x60810010,0x17,{982B77A8-76B7-4345-3F05-3D352A4C4FE4},-
2024-03-02 23:54:24.036900200+00:00,4769,ar-win-dc.attackrange.local,Security,1704636,AR-WIN-DC$@ATTACKRANGE.LOCAL,ATTACKRANGE.LOCAL,krbtg2t,ATTACKRANGE\krbtgt,::1,0,0x0,0x60810010,0x17,{36DFEC7E-0C0A-7014-9BA1-0E450598CB23},-
2024-03-03 00:21:59.385043300+00:00,4769,ar-win-dc.attackrange.local,Security,1706038,AR-WIN-DC$@ATTACKRANGE.LOCAL,ATTACKRANGE.LOCAL,krbtg2t,ATTACKRANGE\krbtgt,::1,0,0x0,0x60810010,0x17,{B01D4EA3-7FE8-8A02-A28E-D0C0372F7D90},-
2024-03-03 02:04:34.632065600+00:00,4769,ar-win-dc.attackrange.local,Security,1711690,AR-WIN-2$@ATTACKRANGE.LOCAL,ATTACKRANGE.LOCAL,krbtg2t,ATTACKRANGE\krbtgt,::ffff:10.0.1.15,49177,0x0,0x60810010,0x17,{88C822C0-51C3-ECE6-D12D-AE19E60A645E},-
2024-03-03 09:24:05.886904400+00:00,4769,ar-win-dc.attackrange.local,Security,1735537,AR-WIN-2$@ATTACKRANGE.LOCAL,ATTACKRANGE.LOCAL,krbtg1t,ATTACKRANGE\krbtgt,::ffff:10.0.1.15,50859,0x0,0x60810010,0x17,{B35F7B45-F717-D312-7C51-BB7813EEF50B},-
2024-03-03 09:24:37.704106500+00:00,4769,ar-win-dc.attackrange.local,Security,1735579,AR-WIN-DC$@ATTACKRANGE.LOCAL,ATTACKRANGE.LOCAL,krbtg1t,ATTACKRANGE\krbtgt,::1,0,0x0,0x60810010,0x17,{03645CB5-DD19-1A27-504C-D12BEAB84D82},-
2024-03-03 09:51:59.704001800+00:00,4769,ar-win-dc.attackrange.local,Security,1737194,AR-WIN-DC$@ATTACKRANGE.LOCAL,ATTACKRANGE.LOCAL,krbtg9t,ATTACKRANGE\krbtgt,::1,0,0x0,0x60810010,0x17,{57DD6B50-95F0-0F51-346C-C0DFFCCB6439},-
2024-03-03 11:01:38.834740300+00:00,4769,ar-win-dc.attackrange.local,Security,1741002,AR-WIN-2$@ATTACKRANGE.LOCAL,ATTACKRANGE.LOCAL,krbtgt8,ATTACKRANGE\krbtgt,::ffff:10.0.1.15,51232,0x0,0x60810010,0x17,{3E62B015-24F1-4D89-6697-F0EDF25990A1},-
2024-03-03 18:54:06.838974600+00:00,4769,ar-win-dc.attackrange.local,Security,1766734,AR-WIN-2$@ATTACKRANGE.LOCAL,ATTACKRANGE.LOCAL,krbtgt7,ATTACKRANGE\krbtgt,::ffff:10.0.1.15,53029,0x0,0x60810010,0x17,{9B63814D-28EC-9C05-36FB-65895A04E3D8},-
2024-03-03 18:54:52.165446100+00:00,4769,ar-win-dc.attackrange.local,Security,1766775,AR-WIN-DC$@ATTACKRANGE.LOCAL,ATTACKRANGE.LOCAL,krbtgt6,ATTACKRANGE\krbtgt,::1,0,0x0,0x60810010,0x17,{8D049ADA-CD18-3659-5A83-FBEE0D045C0A},-
2024-03-03 19:21:59.957754800+00:00,4769,ar-win-dc.attackrange.local,Security,1768160,AR-WIN-DC$@ATTACKRANGE.LOCAL,ATTACKRANGE.LOCAL,krbtgt5,ATTACKRANGE\krbtgt,::1,0,0x0,0x60810010,0x17,{66538CFA-21B6-34AD-9090-4A40120D194B},-
2024-03-03 21:22:44.188691400+00:00,4769,ar-win-dc.attackrange.local,Security,1774904,AR-WIN-2$@ATTACKRANGE.LOCAL,ATTACKRANGE.LOCAL,krbtgt4,ATTACKRANGE\krbtgt,::ffff:10.0.1.15,53609,0x0,0x60810010,0x17,{24DA650B-EF98-7F3A-268F-B7F95F635901},-
2024-03-04 04:24:07.805715800+00:00,4769,ar-win-dc.attackrange.local,Security,1799358,AR-WIN-2$@ATTACKRANGE.LOCAL,ATTACKRANGE.LOCAL,krbtgt3,ATTACKRANGE\krbtgt,::ffff:10.0.1.15,55224,0x0,0x60810010,0x17,{45911163-7E0A-0422-82BA-E5DA609F5804},-
2024-03-04 04:25:06.207288400+00:00,4769,ar-win-dc.attackrange.local,Security,1799416,AR-WIN-DC$@ATTACKRANGE.LOCAL,ATTACKRANGE.LOCAL,krbtgt2,ATTACKRANGE\krbtgt,::1,0,0x0,0x60810010,0x17,{3056906A-52F1-2F10-B2BC-C082486CD48A},-
2024-03-04 04:51:59.167662600+00:00,4769,ar-win-dc.attackrange.local,Security,1800993,AR-WIN-DC$@ATTACKRANGE.LOCAL,ATTACKRANGE.LOCAL,krbtgt1,ATTACKRANGE\krbtgt,::1,0,0x0,0x60810010,0x17,{F2611BE8-B80F-3095-3E7E-1D524AFC3EB1},-
2024-03-04 06:53:49.273165500+00:00,4769,ar-win-dc.attackrange.local,Security,1807799,AR-WIN-2$@ATTACKRANGE.LOCAL,ATTACKRANGE.LOCAL,krbtgt,ATTACKRANGE\krbtgt,::ffff:10.0.1.15,55795,0x0,0x60810010,0x17,{A339A435-25C3-3242-D618-25A836CC4040},-
